country,electricity_access_pct,internet_pct,InternetSpeedsFixedBroadbandDownloadSpeed,BestHealthcareInTheWorldLegatumProsperityIndexHealthScore2023,CountriesWithoutMcDonalds
AF,97.7,18.4,3.07,50.91,x
AL,100,79.32,52.54,73.95,x
DZ,99.7878,70.77,11.99,73.22,x
AD,100,93.8975,156.9,,
AO,48.2239,32.6023,15.04,49.88,x
AG,100,95.6634,33.53,,
AR,100,87.1507,75.39,74.45,
AM,100,78.6123,45.31,73.48,x
AU,100,96.24,54.37,80.36,
AT,100,92.5292,82.52,80.23,
AZ,100,86,30.48,71.25,
BH,100,100,79.94,76.24,
BD,98.991,38.9174,38.65,67.39,x
BB,100,85.82,92.96,,x
BY,100,86.89,53.8,74.34,
BE,100,92.79,90.59,80.6,
BZ,97.6921,61.9942,44.77,70.61,x
BJ,41.9736,33.9653,23.11,53.5,x
BT,100,85.6369,12.01,,x
BO,98.5562,65.9774,30.71,66.02,x
BA,100,75.6762,28.33,70.5,x
BW,73.7259,73.5,7.96,59.07,x
BR,99.4621,80.69,136.92,71.68,
BN,100,98.08,73.05,,
BG,99.8,75.2714,77.7,74.11,
BF,18.9507,21.5798,43.3,58.72,x
BI,10.2338,5.80492,5.43,58.16,x
CV,95.5214,69.7623,17.09,72.75,x
KH,82.5017,60.1524,22.64,70.58,x
CM,65.4467,45.6022,10.34,51.02,x
CA,100,92.834,165.67,78.88,
CF,15.6803,10.5826,,31.95,x
TD,11.2686,17.8689,,39.17,x
CL,100,90.1934,248.65,76.06,
CN,100,73.05,230.39,83.11,
MO,,,160.52,,
CO,99.9991,73.0284,111.65,77.78,
KM,87.9426,27.3369,,59.6,x
CG,49.6572,8.65,41.32,54.1,
CR,100,82.75,79.9,79.09,
CI,71.1368,45.4255,60,51.81,x
HR,100,81.254,56.51,75.74,
CU,100,71.1191,2.19,79.53,
CY,100,90.7595,61.26,79.23,
CZ,100,82.6706,,79.49,
KP,52.6306,0,,,x
CD,20.7682,22.9016,26.86,50.9,x
DK,100,98.8659,206.8,81.07,
DJ,65.4413,68.8632,19.05,60.55,x
DM,100,80.933,88.78,,x
DO,98.1,85.243,36.62,70.64,
EC,100,76.2029,74.33,71.8,
EG,100,72.06,61.22,67.2,
SV,97.89,62.8803,47.99,69.35,
GQ,66.787,53.9224,,50.41,x
ER,52.514,21.7304,,57.49,x
EE,100,91.04,76.46,77.71,
SZ,82.9032,58.9129,,48.43,
ET,54.1884,16.6981,7.11,60.91,x
FJ,92.1,87.66,15.79,,
FI,100,92.8081,102.43,81.19,
FR,100,86.0955,200.99,80.46,
GA,91.8064,71.7494,37.47,56.07,x
GE,100,76.4427,25.76,70.64,
DE,100,91.4306,87.94,81.41,
GH,86.3,68.2,37.27,63.08,x
GR,100,78.4943,47.5,77.43,
GD,93.7403,77.7672,76.85,,x
GT,97.8657,50.8416,42.41,68.33,
GN,46.8139,34.6801,9.32,48.65,x
GW,35.7638,35.155,,50.87,x
GY,92.8982,84.7936,63.34,62.47,
HT,47.1803,38.945,32.48,52.93,x
HN,94.1316,48.0835,37.96,69.1,
HU,100,88.6408,149.85,76.7,
IS,100,99.687,204.8,82.72,x
IN,99.5725,46.31,55.8,66.16,
ID,99.21,62.1,28.28,71.13,
IR,100,78.6,13.03,74.93,x
IQ,100,48.9172,31.67,64.62,x
IE,100,95.1696,94.62,80.04,
IL,100,90.3,144.81,83.1,
IT,100,74.8623,69.99,80.9,
JM,100,82.36,62.31,73.83,x
JP,100,82.9141,170.29,86.5,
JO,99.9,82.7556,109.58,68.92,
KZ,100,90.92,47.53,72.23,x
KE,76.5424,28.7575,9.95,65.21,x
KI,92.8336,53.627,,,x
KR,100,97.5713,139.83,84.8,
KW,100,99.7,153.58,77.33,
KG,99.6737,77.9204,54.37,72.46,x
LA,100,62,32.82,66.38,x
LV,100,91.1796,81.01,74.52,
LB,100,86.589,8.27,68.65,
LS,50.3775,47.983,22.46,41.3,x
LR,29.8482,33.6332,7.58,48.64,
LY,70.2105,17.76,8.96,67.84,x
LI,100,95.5694,152.22,,
LT,100,86.9306,103.26,74.43,
LU,100,98.66,117.66,81.59,
MG,35.1209,19.7302,21.44,54.12,x
MW,14.1884,24.4056,18.74,61.01,x
MY,100,96.7514,110.8,77.35,
MV,100,85.7606,13.24,,x
ML,53.3802,34.49,22.45,54.47,x
MT,100,87.4698,108.19,80.54,
MH,99.7536,38.7012,,,x
MR,47.6958,58.7582,18.09,56.74,x
MU,99.6,67.58,50.13,71.86,
MX,100,75.6265,63.43,73.09,
FM,83.625,40.4096,13.07,,x
MD,100,61.2878,108.2,70.57,
MC,100,86.0955,187.49,,
MN,100,84.33,62.66,66.74,x
ME,99.7984,82.2197,68.38,68.44,x
MA,100,88.1303,24.78,71.17,
MZ,31.494,17.3728,12.88,52.84,x
MM,72.4668,44.0217,20.05,66.74,x
,55.2253,52.9735,13.59,60.64,x
NR,100,83.9352,,,x
NP,89.9,51.6314,56.26,63.87,x
NL,100,92.053,177.88,82.05,
NZ,100,95.9102,163.16,79.84,
NI,86.2915,57.1469,49.8,72.1,
NE,18.6,22.3861,5.12,54.6,x
NG,59.5,55.3637,18.83,50.12,x
MK,100,83.0182,39.08,72.63,
NO,100,99,123.63,82.98,
OM,100,96.3801,67.64,75.44,
PK,94.9229,21.0372,13.71,60.78,
PW,100,26.9703,,,x
PA,95.2511,67.5097,148.76,75.1,
PG,20.9166,32.0542,11.01,52.87,x
PY,100,77.0184,83.92,70.84,
PE,95.6,71.1078,93.52,75.81,
PH,97.49,52.6757,91.08,70.06,
PL,100,85.3749,133.35,76.31,
PT,100,82.309,150.45,77.44,
QA,100,100,127.04,77.64,
RO,100,83.5904,191.36,73.02,
RU,100,88.2138,81.95,71.38,x
RW,48.7004,30.4618,30.92,64.6,x
WS,98.3,78.2457,,,
SM,100,74.8623,70.82,,
ST,78.4511,51.2041,,70.54,x
SA,100,100,102.41,75.34,
SN,67.9753,58.0548,21.75,64.44,x
RS,100,81.1659,70.95,71.93,
SC,100,81.5931,27.56,77.44,x
SL,27.494,18,18.09,48.26,x
SG,100,91.0994,264.15,86.89,
SK,100,88.9256,69.4,76.74,
SI,100,89.004,88.68,79.88,
SB,76.3475,36.132,,,x
SO,49.324,2.00405,12.47,44.38,x
ZA,89.3,72.3105,41.02,59.9,
SS,7.74776,6.5,,35.69,x
ES,100,93.9,189.37,79.66,
LK,100,66.6815,19.57,76.58,
KN,100,79.4731,55.9,,x
LC,100,78.0956,99.96,,x
VC,100,84.9128,90.11,,
SD,61.7677,28.4,8.36,60.55,x
SR,98.8233,65.9398,11.38,60.8,
SE,100,88.3078,127.33,82.28,
CH,100,95.57,187.48,82.11,
SY,88.8245,35.78,4.06,67.16,x
TJ,99.5655,21.96,20.77,72.46,x
TZ,42.7434,31.6331,18.52,60.07,x
TH,100,85.27,218.94,78.92,
BS,100,94.2938,54.65,,
GM,63.6974,32.9623,6.89,56.18,x
TL,100,39.4513,,,x
TG,55.7401,34.9841,28.74,55.09,x
TO,100,71.5866,,,x
TT,100,79,100.68,74.13,
TN,99.9,78.9897,8.81,72.05,
TR,100,81.41,38.12,74.19,
TM,100,21.251,8.68,75.59,x
TV,99.6824,71.5866,,,x
UG,45.2203,10.3424,12.65,58.49,x
UA,100,79.2183,72.42,68.71,
AE,100,100,235.72,78.38,
GB,100,96.6802,84.93,78.31,
US,100,91.7532,215.72,73.26,
UY,100,90.0738,143.06,77.98,
UZ,99.9,76.5904,54.12,76.28,x
VU,70.0428,66.3357,10.76,,x
VE,99.9877,61.6,37.43,69.61,
VN,100,74.21,104.08,76.99,
PS,100,74.6,64.82,,x
YE,74.8772,26.7184,6.12,57.45,x
ZM,46.6851,21.2315,22.01,57.2,x
ZW,48.9799,34.814,10.01,55.46,x
TW,,,157.55,83.37,
HK,,,263.07,81.33,
EH,,,20.25,,
BM,,,,,x
GL,,,,,x
FK,,,,,x
VA,,,,,x
